,,Model,Family,Line,Type,"Launch Date","GPU Dimensions","OS Support","Additional power connector","Compute Units","Base Frequency","Boost Frequency","Game Frequency","Ray Accelerators","Peak Frequency","Peak Pixel Fill-Rate","Peak Texture Fill-Rate","Max Performance","Peak Half Precision (FP16) Performance","Peak Single Precision (FP32) Performance","Peak Double Precision (FP64) Performance",ROPs,"Stream Processors","Texture Units","Transistor Count","GPU Power","Typical Board Power (Desktop)","Minimum PSU Recommendation","Infinity Cache","Memory Speed","Max Memory Size","Memory Type","Memory Interface","Memory Bandwidth","HDMI 4K Support","4K H264 Decode","4K H264 Encode","H265/HEVC Decode","H265/HEVC Encode","AV1 Decode",DisplayPort,"Dual Link DVI",HDMI,Length,"Slot Size",VGA,"AMD Eyefinity Max Display Support","USB Type-C","Supported Technologies"
,on,"AMD Radeon™ RX 6900 XT","AMD Radeon™ 6000 Series","AMD Radeon™ 6900 Series",Component,12/8/2020,,"Windows 10 - 64-Bit Edition, Linux x86_64","2x8 pin",80,,"Up to 2250 MHz","Up to 2015 MHz",80,,"Up to 288.00 GP/s","Up to 720.00 GT/s",,"46.08 TFLOPs","23.04 TFLOPs",,128,5120,320,"26.8 B",,"300 W","850 W","128 MB","16 Gbps",16GB,GDDR6,256-bit,"Up to 512 GB/s",Yes,Yes,Yes,Yes,Yes,Yes,"1.4 with DSC",,"HDMI™ 2.1 VRR and FRL","267 mm","2.5 slots",,,Yes,
,on,"AMD Radeon™ RX 6800 XT Midnight Black","AMD Radeon™ 6000 Series","AMD Radeon™ 6800 Series",Component,04/07/2021,,"Windows 10 - 64-Bit Edition, Ubuntu x86 64-Bit","2x8 pin",72,,"Up to 2250 MHz","Up to 2015 MHz",72,,"Up to 288.00 GP/s","Up to 648.00 GT/s",,"41.47 TFLOPs","20.74 TFLOPs",,128,4608,288,"26.8 B",,"300 W","750 W","128 MB","16 Gbps",16GB,GDDR6,256-bit,"Up to 512 GB/s",Yes,Yes,Yes,Yes,Yes,Yes,"1.4 with DSC",,"HDMI™ 2.1 VRR and FRL","267 mm","2.5 slots",,,Yes,
,on,"AMD Radeon™ RX 6800 XT","AMD Radeon™ 6000 Series","AMD Radeon™ 6800 Series",Component,11/18/2020,,"Windows 10 - 64-Bit Edition, Linux x86_64","2x8 pin",72,,"Up to 2250 MHz","Up to 2015 MHz",72,,"Up to 288.00 GP/s","Up to 648.00 GT/s",,"41.47 TFLOPs","20.74 TFLOPs",,128,4608,288,"26.8 B",,"300 W","750 W","128 MB","16 Gbps",16GB,GDDR6,256-bit,"Up to 512 GB/s",Yes,Yes,Yes,Yes,Yes,Yes,"1.4 with DSC",,"HDMI™ 2.1 VRR and FRL","267 mm","2.5 slots",,,Yes,
,on,"AMD Radeon™ RX 6800","AMD Radeon™ 6000 Series","AMD Radeon™ 6800 Series",Component,11/18/2020,,"Windows 10 - 64-Bit Edition, Linux x86_64","2x8 pin",60,,"Up to 2105 MHz","Up to 1815 MHz",60,,"Up to 202.10 GP/s","Up to 505.20 GT/s",,"32.33 TFLOPs","16.17 TFLOPs",,96,3840,240,"26.8 B",,"250 W","650 W","128 MB","16 Gbps",16GB,GDDR6,256-bit,"Up to 512 GB/s",Yes,Yes,Yes,Yes,Yes,Yes,"1.4 with DSC",,"HDMI™ 2.1 VRR and FRL","267 mm","2 slots",,,Yes,
,on,"AMD Radeon™ RX 6700 XT","AMD Radeon™ 6000 Series","AMD Radeon™ 6700 Series",Component,"March 2021",,"Windows 10 - 64-Bit Edition","8 pin + 6 pin",40,"2321 MHz","Up to 2581 MHz","Up to 2424 MHz",40,,"Up to 165.20 GP/s","Up to 413.00 GT/s",,"26.43 TFLOPs","13.21 TFLOPs",,64,2560,160,,,"230 W","650 W","96 MB",,12GB,GDDR6,192-bit,"Up to 384 GB/s",Yes,Yes,Yes,Yes,Yes,Yes,"1.4 with DSC",,"4K120Hz/8K60Hz VRR as specified in HDMI 2.1","267 mm","2 slots",,,,
,on,"AMD Radeon™ RX 5700 XT 50th Anniversary","AMD Radeon™ 5700 Series","AMD Radeon™ RX 5700 Series",Component,7/7/2019,,"Windows 10 - 64-Bit Edition, Windows 7 - 64-Bit Edition, Ubuntu x86 64-Bit, Linux x86_64","1 x 8-pin and 1x6 pin",40,"1680 MHz","Up to 1980 MHz","Up to 1830 MHz",,,"Up to 126.70 GP/s","Up to 316.80 GT/s",,"20.28 TFLOPs","10.14 TFLOPs",,64,2560,160,,,"235 W","600 W",,"14 Gbps",8GB,GDDR6,256-bit,"Up to 448 GB/s",Yes,Yes,Yes,Yes,Yes,,"1.4 with DSC",,"4K60 Support",,,,,,"AMD Radeon™ Media Engine, AMD RDNA Architecture, VSR (4K), AMD Radeon™ VR Ready Premium, AMD FreeSync™ Technology, DirectX® 12 Technology, TrueAudio Next, The Vulkan® API"
,on,"AMD Radeon™ RX 5700 XT","AMD Radeon™ 5700 Series","AMD Radeon™ RX 5700 Series",Component,7/7/2019,,"Windows 10 - 64-Bit Edition, Windows 7 - 64-Bit Edition, Ubuntu x86 64-Bit, Linux x86_64","1 x 8-pin and 1x6 pin",40,"1605 MHz","Up to 1905 MHz","Up to 1755 MHz",,,"Up to 121.90 GP/s","Up to 304.80 GT/s",,"19.51 TFLOPs","9.75 TFLOPs",,64,2560,160,"10.3 B",,"225 W","600 W",,"14 Gbps",8GB,GDDR6,256-bit,"Up to 448 GB/s",,Yes,Yes,Yes,Yes,,"1.4 with DSC",,"4K60 Support",,,,,,"AMD Radeon™ Media Engine, AMD RDNA Architecture, VSR (4K), AMD Radeon™ VR Ready Premium, AMD FreeSync™ Technology, DirectX® 12 Technology, TrueAudio Next, The Vulkan® API"
,on,"AMD Radeon™ VII","AMD Radeon™ 2nd generation Vega","AMD Radeon™ 2nd generation Vega","Desktop, Component",2019,,,,60,"1400 MHz","Up to 1750 MHz",,,"Up to 1800 MHz","Up to 115.26 GP/s","Up to 432.24 GT/s",,"27.7 TFLOPs","13.8 TFLOPs","3.46 TFLOPs",,3840,,"13.2 B",,"300 W","750 W",,"4 Gbps",16GB,HBM2,4096-bit,"Up to 1024 GB/s",,,,,,,"1.4 HDR",No,"4K60 Support",,,No,,,"AMD Radeon™ VR Ready Premium, AMD FreeSync™ Technology, AMD Radeon™ Chill, AMD Radeon™ ReLive, DirectX® 12 Technology, AMD Eyefinity Technology (Gaming), Catalyst Software, OpenCL® 2.0, OpenGL 4.6, AMD PowerTune Technology, AMD TressFX Hair, TrueAudio Next, Unified Video Decoder (UVD), Video Code Engine (VCE), AMD Virtual Super Resolution, The Vulkan® API, AMD ZeroCore Power Technology"
,on,"AMD Radeon™ RX 5700","AMD Radeon™ 5700 Series","AMD Radeon™ RX 5700 Series",Component,7/7/2019,,,"1 x 8-pin and 1x6 pin",36,"1465 MHz","Up to 1725 MHz","Up to 1625 MHz",,,"Up to 110.40 GP/s","Up to 248.40 GT/s",,"15.9 TFLOPs","7.95 TFLOPs",,64,2304,144,"10.3 B",,"180 W","600 W",,"14 Gbps",8GB,GDDR6,256-bit,"Up to 448 GB/s",,Yes,Yes,Yes,Yes,,"1.4 with DSC",,"4K60 Support",,,,,,"AMD Radeon™ Media Engine, AMD RDNA Architecture, VSR (4K), AMD Radeon™ VR Ready Premium, AMD FreeSync™ Technology, DirectX® 12 Technology, TrueAudio Next, The Vulkan® API"
,on,"AMD Radeon™ RX 5600 XT","AMD Radeon™ 5600 Series","AMD Radeon™ RX 5600 Series",Component,,,,,36,,"Up to 1560 MHz","Up to 1375 MHz",,,"Up to 99.80 GP/s","Up to 224.64 GT/s",,"14.38 TFLOPs","7.19 TFLOPs",,64,2304,144,"10.3 B",,"150 W","550 W",,"12 Gbps/14 Gbps",6GB,GDDR6,192-bit,"Up to 336 GB/s",,Yes,Yes,Yes,Yes,,"1.4 with DSC",,"4K60 Support",,,,,,
,on,"AMD Radeon™ RX 5600","AMD Radeon™ 5600 Series","AMD Radeon™ RX 5600 Series",Component,,,,,32,,"Up to 1560 MHz","Up to 1375 MHz",,,"Up to 99.84 GP/s","Up to 199.68 GT/s",,"12.78 TFLOPs","6.39 TFLOPs",,64,2048,128,"10.3 B",,"150 W","550 W",,"12 Gbps",6GB,GDDR6,192-bit,"Up to 288 GB/s",,Yes,Yes,Yes,Yes,,"1.4 with DSC",,"4K60 Support",,,,,,
,on,"AMD Radeon™ RX 5500 XT","AMD Radeon™ 5500 Series","AMD Radeon™ RX 5500 Series",Component,12/12/19,,,"1 x 8-pin",22,,"Up to 1845 MHz","Up to 1717 MHz",,,"Up to 59.00 GP/s","Up to 162.36 GT/s",,,"5.2 TFLOPs",,32,1408,,"6.4 B",,"130 W","450 W",,"14 Gbps",8GB,GDDR6,,"Up to 224 GB/s",,Yes,Yes,Yes,Yes,,"1.4 with DSC",,"4K60 Support",,,,,,
,on,"AMD Radeon™ RX 5700M","AMD Radeon™ 5000M Series","AMD Radeon™ RX 5000M Series",Notebook,,,,,36,,"Up to 1720 MHz","Up to 1620 MHz",,,"Up to 110.10 GP/s","Up to 247.70 GT/s",,"15.85 TFLOPs","7.93 TFLOPs",,64,2304,,"10.3 B",,,,,"12 Gbps",8GB,GDDR6,256-bit,"Up to 384 GB/s",,Yes,Yes,Yes,Yes,,"1.4 with DSC",,"4K60 Support",,,,,,
,on,"AMD Radeon™ RX 5600M","AMD Radeon™ 5000M Series","AMD Radeon™ RX 5000M Series",Notebook,,,,,36,,"Up to 1265 MHz","Up to 1190 MHz",,,"Up to 80.96 GP/s","Up to 182.16 GT/s",,"11.66 TFLOPs","5.83 TFLOPs",,64,2304,144,"10.3 B",,,,,"12 Gbps",6GB,GDDR6,192-bit,"Up to 288 GB/s",,Yes,Yes,Yes,Yes,,,,,,,,,,
,on,"AMD Radeon™ RX 5500","AMD Radeon™ 5500 Series","AMD Radeon™ RX 5500 Series",Desktop,10/07/2019,,,"1 x 8-pin",22,,"Up to 1845 MHz","Up to 1670 MHz",,,"Up to 59.00 GP/s","Up to 162.36 GT/s",,"10.4 TFLOPs","5.2 TFLOPs",,32,1408,,"6.4 B",,"150 W","550 W",,"14 Gbps",4GB,GDDR6,128-bit,"Up to 224 GB/s",,Yes,Yes,Yes,Yes,,,,"4K60 Support",,,,,,
,on,"Radeon™ RX Vega 64 Liquid Cooled","Radeon™ RX Vega Series","Radeon™ RX Vega Series","Desktop, Component",Q3/2017,,,,64,"1406 MHz","Up to 1677 MHz",,,,"Up to 107.30 GP/s","Up to 429.30 GT/s","Up to 13.7 TFLOPs","27.5 TFLOPs","13.7 TFLOPs",,64,4096,256,"12.5 B",,"345 W","1000 W",,"1.89 Gbps",8GB,HBM2,2048-bit,"Up to 483.8 GB/s",,,,,,,"1.4 HDR",No,"4K60 Support",,,No,,,"AMD FreeSync™ Technology, AMD LiquidVR™ Technology, AMD Radeon™ Chill, AMD Radeon™ ReLive, DirectX® 12 Technology, AMD Eyefinity Technology (Gaming), Catalyst Software, AMD Frame Rate Target Control, OpenCL® 2.0, OpenGL 4.5, AMD PowerTune Technology, AMD TressFX Hair, TrueAudio Next, Unified Video Decoder (UVD), Video Code Engine (VCE), AMD Virtual Super Resolution, The Vulkan® API, AMD ZeroCore Power Technology"
,on,"AMD Radeon™ RX 5300","AMD Radeon™ 5300 Series","AMD Radeon™ RX 5300 Series",Desktop,,,,,22,,"Up to 1645 MHz","Up to 1448 MHz",,,"Up to 52.60 GP/s","Up to 144.80 GT/s",,"9.26 TFLOPs","4.63 TFLOPs",,32,1408,,"6.4 B",,"100 W",,,"14 Gbps",3GB,GDDR6,96-bit,"Up to 168 GB/s",,Yes,Yes,Yes,Yes,,"1.4 with DSC",,"4K60 Support",,,,,,"AMD FreeSync™ Technology, DirectX® 12 Technology, The Vulkan® API"
,on,"AMD Radeon™ RX 5500M","AMD Radeon™ 5000M Series","AMD Radeon™ RX 5000M Series",Notebook,10/7/2019,,,,22,,"Up to 1645 MHz","Up to 1448 MHz",,,"Up to 52.60 GP/s","Up to 144.76 GT/s",,"9.26 TFLOPs","4.63 TFLOPs",,32,1408,,"6.4 B",,,,,"14 Gbps",4GB,GDDR6,128-bit,"Up to 224 GB/s",,Yes,Yes,Yes,Yes,,,,"4K60 Support",,,,,,
,on,"AMD Radeon™ RX 5300M","AMD Radeon™ 5000M Series","AMD Radeon™ RX 5000M Series",Notebook,11/13/2019,,,,22,,"Up to 1445 MHz","Up to 1181 MHz",,,"Up to 46.20 GP/s","Up to 127.20 GT/s",,"8.14 TFLOPs","4.07 TFLOPs",,32,1408,,"6.4 B",,,,,"14 Gbps",3GB,GDDR6,96-bit,"Up to 168 GB/s",,Yes,Yes,Yes,Yes,,,,"4K60 Support",,,,,,
,on,"Radeon™ RX Vega 64","Radeon™ RX Vega Series","Radeon™ RX Vega Series","Desktop, Component",Q3/2017,,,,64,"1247 MHz","Up to 1546 MHz",,,,"Up to 98.90 GP/s","Up to 395.80 GT/s","Up to 12.7 TFLOPs","25.3 TFLOPs","12.6 TFLOPs",,64,4096,256,"12.5 B",,"295 W","750 W",,"1.89 Gbps",8GB,HBM2,2048-bit,"Up to 483.8 GB/s",,,,,,,"1.4 HDR",No,"4K60 Support",,,No,,,"AMD Radeon™ VR Ready Premium, AMD FreeSync™ Technology, AMD Radeon™ Chill, AMD Radeon™ ReLive, DirectX® 12 Technology, AMD Eyefinity Technology (Gaming), Catalyst Software, AMD Frame Rate Target Control, OpenCL® 2.0, OpenGL 4.5, AMD PowerTune Technology, AMD TressFX Hair, TrueAudio Next, Unified Video Decoder (UVD), Video Code Engine (VCE), AMD Virtual Super Resolution, The Vulkan® API, AMD ZeroCore Power Technology"
,on,"Radeon™ RX Vega 56","Radeon™ RX Vega Series","Radeon™ RX Vega Series","Desktop, Component",Q3/2017,,,,56,"1156 MHz","Up to 1471 MHz",,,,"Up to 94.00 GP/s","Up to 330.00 GT/s","Up to 10.5 TFLOPs","21 TFLOPs","10.5 TFLOPs",,64,3584,256,"12.5 B",,"210 W","650 W",,"1.6 Gbps",8GB,HBM2,2048-bit,"Up to 410 GB/s",,,,,,,"1.4 HDR",No,"4K60 Support",,,No,,,"AMD Radeon™ VR Ready Premium, AMD FreeSync™ Technology, AMD Radeon™ Chill, AMD Radeon™ ReLive, DirectX® 12 Technology, AMD Eyefinity Technology (Gaming), Catalyst Software, AMD Frame Rate Target Control, OpenCL® 2.0, OpenGL 4.5, AMD PowerTune Technology, AMD TressFX Hair, TrueAudio Next, Unified Video Decoder (UVD), Video Code Engine (VCE), AMD Virtual Super Resolution, The Vulkan® API, AMD ZeroCore Power Technology"
,on,"Radeon™ RX 590","Radeon™ 500 Series","Radeon™ RX 500 Series",Component,11/15/2018,,,,36,"1469 MHz","Up to 1545 MHz",,,,"Up to 49.54 GP/s","Up to 222.48 GT/s","Up to 7.1 TFLOPs",,,,32,2304,144,"5.7 B",,,,,"8 Gbps",8GB,GDDR5,256-bit,"Up to 256 GB/s",Yes,Yes,Yes,Yes,Yes,,"1.4 HDR",No,"4K60 Support",,,No,,,"AMD Radeon™ Software, AMD FreeSync™ Technology, AMD LiquidVR™ Technology, 4th Gen GCN Architecture, AMD Radeon™ Chill, AMD Radeon™ ReLive, DirectX® 12 Technology, AMD Eyefinity Technology (Gaming), AMD App Acceleration, AMD Frame Rate Target Control, 12nm Process Technology, OpenCL® 2.0, OpenGL 4.5, AMD PowerTune Technology, TrueAudio Next, Unified Video Decoder (UVD), Video Code Engine (VCE), AMD Virtual Super Resolution, The Vulkan® API"
,on,"Radeon™ RX 580 (OEM)","Radeon™ 500 Series","Radeon™ RX 500 Series","Desktop, Notebook",4/18/2018,,"Windows 10 - 64-Bit Edition, Windows 7 - 32-Bit Edition, Windows 7 - 64-Bit Edition, Ubuntu x86 64-Bit, Linux x86_64",,36,"1120-1257 MHz","1266-1340 MHz",,,,"Up to 42.88 GP/s","Up to 192.96 GT/s","Up to 6.2 TFLOPs",,,,32,2304,144,"5.7 B",,"185 W","500 W",,"8 Gbps",8GB,GDDR5,256-bit,"Up to 256 GB/s",Yes,Yes,Yes,Yes,Yes,,"1.4 HDR",No,"4K60 Support",,,No,,,"AMD Radeon™ VR Ready Creator, AMD Radeon™ Software, AMD FreeSync™ Technology, 4th Gen GCN Architecture, 3rd Gen GCN Architecture, AMD Radeon™ Chill, AMD Radeon™ ReLive, DirectX® 12 Technology, AMD App Acceleration, AMD Frame Rate Target Control, OpenCL® 2.0, OpenGL 4.5, AMD PowerTune Technology, TrueAudio Next, Unified Video Decoder (UVD), Video Code Engine (VCE), AMD Virtual Super Resolution, The Vulkan® API"
,on,"Radeon™ RX 640","Radeon™ 600 Series","Radeon™ 600 Series","Desktop, Notebook","Q3 2019",,,,8/10,,"Up to 1287 MHz",,,,"Up to 20.60 GP/s","Up to 51.48 GT/s","Up to 1.65 TFLOPs",,,,16,512/640,40,,,,,,"7 Gbps",4GB,GDDR5,64-bit,"Up to 56 GB/s",Yes,Yes,Yes,Yes,Yes,,"1.4 HDR",Yes,"4K60 Support",,,No,,,"AMD Radeon™ Software, AMD FreeSync™ Technology, 4th Gen GCN Architecture, AMD Radeon™ Chill, AMD Radeon™ ReLive, DirectX® 12 Technology, AMD Eyefinity Technology (Gaming), AMD App Acceleration, AMD Enduro™ Technology, 3rd Gen 14nm Process Technology, OpenCL® 2.0, OpenGL 4.5, AMD PowerTune Technology, AMD TressFX Hair, TrueAudio Next, Unified Video Decoder (UVD), Video Code Engine (VCE), The Vulkan® API"
,on,"Radeon™ RX 580","Radeon™ 500 Series","Radeon™ RX 500 Series",Component,4/18/2017,,"Windows 10 - 64-Bit Edition, Windows 7 - 32-Bit Edition, Windows 7 - 64-Bit Edition, Ubuntu x86 64-Bit, Linux x86_64",,36,"1257 MHz","Up to 1340 MHz",,,,"Up to 42.88 GP/s","Up to 192.96 GT/s","Up to 6.2 TFLOPs",,,,32,2304,144,"5.7 B",,"185 W","500 W",,"8 Gbps",8GB,GDDR5,256-bit,"Up to 256 GB/s",Yes,Yes,Yes,Yes,Yes,,"1.4 HDR",No,"4K60 Support",,,No,,,"AMD Radeon™ VR Ready Premium, AMD Radeon™ Software, AMD FreeSync™ Technology, AMD LiquidVR™ Technology, 4th Gen GCN Architecture, AMD Radeon™ Chill, AMD Radeon™ ReLive, DirectX® 12 Technology, AMD Eyefinity Technology (Gaming), AMD App Acceleration, AMD CrossFire™ Technology, AMD CrossFire™ (Bridgeless), AMD Frame Rate Target Control, 3rd Gen 14nm Process Technology, OpenCL® 2.0, OpenGL 4.5, AMD PowerTune Technology, TrueAudio Next, Unified Video Decoder (UVD), Video Code Engine (VCE), AMD Virtual Super Resolution, The Vulkan® API"
,on,"Radeon™ RX 580X","Radeon™ 500 Series","Radeon™ RX 500X Series","Desktop, Notebook",4/3/2018,,,,36,"1257 MHz","Up to 1340 MHz",,,,"Up to 42.88 GP/s","Up to 192.96 GT/s","Up to 6.2 TFLOPs",,,,32,2304,144,"5.7 B",,,,,"8 Gbps",8GB,GDDR5,256-bit,"Up to 256 GB/s",Yes,Yes,Yes,Yes,Yes,,"1.4 HDR",No,"4K60 Support",,,No,,,"AMD Radeon™ VR Ready Premium, AMD Radeon™ Software, AMD FreeSync™ Technology, 4th Gen GCN Architecture, AMD Radeon™ Chill, AMD Radeon™ ReLive, DirectX® 12 Technology, AMD App Acceleration, TrueAudio Next, The Vulkan® API"
,on,"Radeon™ RX 570","Radeon™ 500 Series","Radeon™ RX 500 Series",Component,4/18/2017,,"Windows 10 - 64-Bit Edition, Windows 7 - 32-Bit Edition, Windows 7 - 64-Bit Edition, Ubuntu x86 64-Bit, Linux x86_64",,32,"1168 MHz","Up to 1244 MHz",,,,"Up to 39.81 GP/s","Up to 159.23 GT/s","Up to 5.1 TFLOPs",,,,32,2048,128,"5.7 B",,"150 W","450 W",,"7 Gbps",8GB,GDDR5,256-bit,"Up to 224 GB/s",Yes,Yes,Yes,Yes,Yes,,"1.4 HDR",No,"4K60 Support",,,No,,,"AMD Radeon™ Software, AMD FreeSync™ Technology, 4th Gen GCN Architecture, AMD Radeon™ Chill, AMD Radeon™ ReLive, DirectX® 12 Technology, AMD Eyefinity Technology (Gaming), AMD App Acceleration, AMD CrossFire™ Technology, AMD CrossFire™ (Bridgeless), AMD Frame Rate Target Control, 3rd Gen 14nm Process Technology, OpenCL® 2.0, OpenGL 4.5, AMD PowerTune Technology, TrueAudio Next, Unified Video Decoder (UVD), Video Code Engine (VCE), AMD Virtual Super Resolution, The Vulkan® API"
,on,"Radeon™ RX 570 (OEM)","Radeon™ 500 Series","Radeon™ RX 500 Series","Desktop, Notebook",4/18/2017,,"Windows 10 - 64-Bit Edition, Windows 7 - 32-Bit Edition, Windows 7 - 64-Bit Edition, Ubuntu x86 64-Bit, Linux x86_64",,,"926-1168 MHz","1206-1244 MHz",,,,"Up to 39.81 GP/s","Up to 159.23 GT/s","Up to 5.1 TFLOPs",,,,32,2048,128,"5.7 B",,"150 W","450 W",,"7 Gbps",8GB,GDDR5,256-bit,"Up to 224 GB/s",Yes,Yes,Yes,Yes,Yes,,"1.4 HDR",No,"4K60 Support",,,No,,,"AMD Radeon™ Software, AMD FreeSync™ Technology, 4th Gen GCN Architecture, AMD Radeon™ Chill, AMD Radeon™ ReLive, AMD Eyefinity Technology (Gaming), AMD CrossFire™ Technology, AMD CrossFire™ (Bridgeless), AMD Frame Rate Target Control, OpenCL® 2.0, OpenGL 4.6, AMD PowerTune Technology, Unified Video Decoder (UVD), AMD Virtual Super Resolution, The Vulkan® API"
,on,"Radeon™ 630","Radeon™ 600 Series","Radeon™ 600 Series","Desktop, Notebook","Q3   2019",,,,8,,"Up to 1219 MHz",,,,"Up to 9.80 GP/s","Up to 39.00 GT/s","Up to 1.25 TFLOPs",,,,8,512,32,,,,,,"6 Gbps",4GB,GDDR5,64-bit,"Up to 48 GB/s",Yes,Yes,Yes,Yes,Yes,,"1.4 HDR",No,"4K60 Support",,,,,,"AMD Radeon™ Software, AMD FreeSync™ Technology, 4th Gen GCN Architecture, AMD Radeon™ Chill, DirectX® 12 Technology, AMD Eyefinity Technology (Gaming), AMD App Acceleration, AMD Enduro™ Technology, 3rd Gen 14nm Process Technology, OpenCL® 2.0, OpenGL 4.5, AMD PowerTune Technology, AMD TressFX Hair, AMD TrueAudio Technology, Unified Video Decoder (UVD), Video Code Engine (VCE), The Vulkan® API"
,on,"Radeon™ RX 570X","Radeon™ 500 Series","Radeon™ RX 500X Series","Desktop, Notebook",4/3/2018,,,,32,"1168 MHz","Up to 1244 MHz",,,,"Up to 39.81 GP/s","Up to 159.23 GT/s","Up to 5.1 TFLOPs",,,,32,2048,128,"5.7 B",,,,,"7 Gbps",8GB,GDDR5,256-bit,"Up to 224 GB/s",Yes,Yes,Yes,Yes,Yes,,"1.4 HDR",No,"4K60 Support",,,No,,,"AMD Radeon™ Software, AMD FreeSync™ Technology, 4th Gen GCN Architecture, AMD Radeon™ Chill, AMD Radeon™ ReLive, DirectX® 12 Technology, AMD App Acceleration, The Vulkan® API"
,on,"Radeon™ RX 560","Radeon™ 500 Series","Radeon™ RX 500 Series",Component,4/18/2017,,"Windows 10 - 64-Bit Edition, Windows 7 - 32-Bit Edition, Windows 7 - 64-Bit Edition, Ubuntu x86 64-Bit, Linux x86_64",,14/16,"1175 MHz","Up to 1275 MHz",,,,"Up to 20.40 GP/s","Up to 81.60 GT/s","Up to 2.6 TFLOPs",,,,16,896/1024,64,"3 B",,"60-80 W","450 W",,"7 Gbps",4GB,GDDR5,128-bit,"Up to 112 GB/s",Yes,Yes,Yes,Yes,Yes,,"1.4 HDR",No,"4K60 Support",,,No,,,"AMD Radeon™ Software, AMD FreeSync™ Technology, AMD LiquidVR™ Technology, 4th Gen GCN Architecture, AMD Radeon™ Chill, AMD Radeon™ ReLive, DirectX® 12 Technology, AMD Eyefinity Technology (Gaming), AMD App Acceleration, AMD CrossFire™ Technology, AMD CrossFire™ (Bridgeless), AMD Frame Rate Target Control, 3rd Gen 14nm Process Technology, OpenCL® 2.0, OpenGL 4.5, AMD PowerTune Technology, TrueAudio Next, Unified Video Decoder (UVD), Video Code Engine (VCE), AMD Virtual Super Resolution, The Vulkan® API"
,on,"Radeon™ RX 560 (OEM)","Radeon™ 500 Series","Radeon™ RX 500 Series","Desktop, Notebook",4/18/2017,,"Windows 10 - 64-Bit Edition, Windows 7 - 32-Bit Edition, Windows 7 - 64-Bit Edition, Ubuntu x86 64-Bit, Linux x86_64",,14/16,"1090-1175 MHz","1200-1275 MHz",,,,"Up to 20.40 GP/s","Up to 81.60 GT/s","Up to 2.6 TFLOPs",,,,16,896/1024,64,"3 B",,"60-80 W","450 W",,"7 Gbps",4GB,GDDR5,128-bit,"Up to 112 GB/s",Yes,Yes,Yes,Yes,Yes,,"1.4 HDR",No,"4K60 Support",,,No,,,"AMD Radeon™ Software, AMD FreeSync™ Technology, AMD LiquidVR™ Technology, 4th Gen GCN Architecture, AMD Radeon™ Chill, AMD Radeon™ ReLive, DirectX® 12 Technology, AMD Eyefinity Technology (Gaming), AMD App Acceleration, AMD CrossFire™ Technology, AMD CrossFire™ (Bridgeless), AMD Frame Rate Target Control, 3rd Gen 14nm Process Technology, OpenCL® 2.0, OpenGL 4.5, AMD PowerTune Technology, TrueAudio Next, Unified Video Decoder (UVD), Video Code Engine (VCE), AMD Virtual Super Resolution, The Vulkan® API"
,on,"Radeon™ 625","Radeon™ 600 Series","Radeon™ 600 Series",Notebook,"Q3 2019",,,,6,,"Up to 1024 MHz",,,,"Up to 8.20 GP/s","Up to 24.60 GT/s","Up to 800 GFLOPs",,,,8,384,24,,,,,,"4.5 Gbps",4GB,GDDR5,64-bit,"Up to 48 GB/s",No,No,No,No,No,,No,No,No,,,No,,,"AMD Radeon™ Software, AMD FreeSync™ Technology, 4th Gen GCN Architecture, AMD Radeon™ Chill, DirectX® 12 Technology, AMD Eyefinity Technology (Gaming), AMD App Acceleration, AMD Enduro™ Technology, 3rd Gen 14nm Process Technology, OpenCL® 2.0, OpenGL 4.5, AMD PowerTune Technology, AMD TressFX Hair, AMD TrueAudio Technology, Unified Video Decoder (UVD), Video Code Engine (VCE), The Vulkan® API"
,on,"Radeon™ RX 560X","Radeon™ 500 Series","Radeon™ RX 500X Series","Desktop, Notebook",4/3/2018,,,,14/16,"1175 MHz","Up to 1275 MHz",,,,"Up to 20.40 GP/s","Up to 81.60 GT/s","Up to 2.6 TFLOPs",,,,16,896/1024,64,"3 B",,,,,"7 Gbps",4GB,GDDR5,128-bit,"Up to 112 GB/s",Yes,Yes,Yes,Yes,Yes,,"1.4 HDR",No,"4K60 Support",,,No,,,"AMD Radeon™ Software, AMD FreeSync™ Technology, 4th Gen GCN Architecture, AMD Radeon™ Chill, AMD Radeon™ ReLive, DirectX® 12 Technology, AMD App Acceleration, The Vulkan® API"
,on,"Radeon™ RX 550","Radeon™ 500 Series","Radeon™ RX 500 Series",Component,4/18/2017,,"Windows 10 - 64-Bit Edition, Windows 7 - 32-Bit Edition, Windows 7 - 64-Bit Edition, Ubuntu x86 64-Bit, Linux x86_64",,,,"Up to 1183 MHz",,,,,,"Up to 1.2 TFLOPs",,,,,,,,,"50 W","400 W",,"7 Gbps",4GB,GDDR5,128-bit,"Up to 112 GB/s",Yes,Yes,Yes,Yes,Yes,,"1.4 HDR",Yes,"4K60 Support",,,No,,,"AMD Radeon™ Software, AMD FreeSync™ Technology, AMD LiquidVR™ Technology, 4th Gen GCN Architecture, AMD Radeon™ Chill, AMD Radeon™ ReLive, DirectX® 12 Technology, AMD Eyefinity Technology (Gaming), AMD App Acceleration, AMD Frame Rate Target Control, 3rd Gen 14nm Process Technology, OpenCL® 2.0, OpenGL 4.5, AMD PowerTune Technology, TrueAudio Next, Unified Video Decoder (UVD), Video Code Engine (VCE), AMD Virtual Super Resolution, The Vulkan® API"
,on,"Radeon™ 620","Radeon™ 600 Series","Radeon™ 600 Series",Notebook,"Q3 2019",,,,6,,"Up to 1024 MHz",,,,"Up to 8.20 GP/s","Up to 24.58 GT/s","Up to 800 GFLOPs",,,,8,320/384,20/24,,,,,,"4.5 Gbps",4GB,DDR3/GDDR5,64-bit,"Up to 48 GB/s",No,No,No,No,No,,No,No,No,,,No,,,"AMD Radeon™ Software, AMD FreeSync™ Technology, 4th Gen GCN Architecture, AMD Radeon™ Chill, DirectX® 12 Technology, AMD Eyefinity Technology (Gaming), AMD App Acceleration, AMD Enduro™ Technology, 3rd Gen 14nm Process Technology, OpenCL® 2.0, OpenGL 4.5, AMD PowerTune Technology, AMD TressFX Hair, TrueAudio Next, Unified Video Decoder (UVD), Video Code Engine (VCE), The Vulkan® API"
,on,"Radeon™ RX 550X","Radeon™ 500 Series","Radeon™ RX 500X Series","Desktop, Notebook",4/3/2018,,,,8/10,,"Up to 1287 MHz",,,,"Up to 20.60 GP/s","Up to 51.48 GT/s","Up to 1.65 TFLOPs",,,,16,512/640,40,,,,,,"7 Gbps",4GB,GDDR5,128-bit,"Up to 112 GB/s",Yes,Yes,Yes,Yes,Yes,,"1.4 HDR",Yes,"4K60 Support",,,No,,,"AMD Radeon™ Software, AMD FreeSync™ Technology, 4th Gen GCN Architecture, AMD Radeon™ Chill, AMD Radeon™ ReLive, DirectX® 12 Technology, AMD App Acceleration, The Vulkan® API"
,on,"Radeon™ RX 540","Radeon™ 500 Series","Radeon™ RX 500 Series",Notebook,4/18/2017,,"Windows 10 - 64-Bit Edition, Windows 7 - 32-Bit Edition, Windows 7 - 64-Bit Edition, Ubuntu x86 64-Bit, Linux x86_64",,8,,"Up to 1219 MHz",,,,"Up to 19.50 GP/s","Up to 39.01 GT/s","Up to 1.2 TFLOPs",,,,16,512,32,,,,,,"6 Gbps",4GB,GDDR5,128-bit,"Up to 96 GB/s",Yes,Yes,Yes,Yes,Yes,,"1.4 HDR",No,"4K60 Support",,,No,,,"AMD Radeon™ Software, AMD FreeSync™ Technology, 4th Gen GCN Architecture, AMD Radeon™ Chill, AMD Radeon™ ReLive, DirectX® 12 Technology, AMD Eyefinity Technology (Gaming), AMD App Acceleration, AMD Enduro™ Technology, 3rd Gen 14nm Process Technology, OpenCL® 2.0, OpenGL 4.5, AMD PowerTune Technology, AMD TressFX Hair, TrueAudio Next, Unified Video Decoder (UVD), Video Code Engine (VCE), The Vulkan® API"
,on,"Radeon™ 610","Radeon™ 600 Series","Radeon™ 600 Series",Notebook,"Q3 2019",,,,5,,"Up to 1030 MHz",,,,"Up to 4.10 GP/s","Up to 20.60 GT/s","Up to 660 GFLOPs",,,,4,320,20,,,,,,"4.5 Gbps",4GB,GDDR5,64-bit,"Up to 48 GB/s",No,No,No,No,No,,No,No,No,,,No,,,"AMD Radeon™ Software, Graphics Core Next Architecture, 1st Gen GCN Architecture, AMD Radeon™ ReLive, DirectX® 12 Technology, AMD App Acceleration, AMD Enduro™ Technology, 28nm Process Technology, OpenCL® 2.0, OpenGL 4.5, AMD PowerTune Technology, AMD TressFX Hair, AMD TrueAudio Technology, Unified Video Decoder (UVD), Video Code Engine (VCE), The Vulkan® API"
,on,"Radeon™ 550X","Radeon™ 500 Series","Radeon™ 500X Series","Desktop, Notebook",4/3/2018,,,,8/10,,"Up to 1287 MHz",,,,"Up to 20.60 GP/s","Up to 51.48 GT/s","Up to 1.65 TFLOPs",,,,16,512/640,40,,,,,,"7 Gbps",4GB,GDDR5,64-bit,"Up to 56 GB/s",Yes,Yes,Yes,Yes,Yes,,"1.4 HDR",Yes,"4K60 Support",,,No,,,"AMD Radeon™ Software, AMD FreeSync™ Technology, 4th Gen GCN Architecture, AMD Radeon™ Chill, AMD Radeon™ ReLive, DirectX® 12 Technology, AMD App Acceleration, The Vulkan® API"
,on,"Radeon™ RX 540X","Radeon™ 500 Series","Radeon™ RX 500X Series","Desktop, Notebook",4/3/2018,,,,8,,"Up to 1219 MHz",,,,"Up to 19.50 GP/s","Up to 39.00 GT/s","Up to 1.25 TFLOPs",,,,16,512,32,,,,,,"6 Gbps",4GB,GDDR5,128-bit,"Up to 96 GB/s",Yes,Yes,Yes,Yes,Yes,,"1.4 HDR",No,"4K60 Support",,,No,,,"AMD Radeon™ Software, AMD FreeSync™ Technology, 4th Gen GCN Architecture, AMD Radeon™ Chill, AMD Radeon™ ReLive, DirectX® 12 Technology, AMD App Acceleration, The Vulkan® API"
,on,"Radeon™ 540","Radeon™ 500 Series","Radeon™ 500 Series",Notebook,,,,,8,,"Up to 1124 MHz",,,,,,"Up to 1.2 TFLOPs",,,,16,512,32,,,,,,"6 Gbps",4GB,GDDR5,64-bit,"Up to 48 GB/s",Yes,,,,,,"1.4 HDR",,"4K60 Support",,,,,,"AMD Radeon™ Software, AMD FreeSync™ Technology, 4th Gen GCN Architecture, AMD Radeon™ Chill, AMD Radeon™ ReLive, DirectX® 12 Technology, The Vulkan® API"
,on,"Radeon™ 540X","Radeon™ 500 Series","Radeon™ 500X Series","Desktop, Notebook",4/3/2018,,,,8,,"Up to 1219 MHz",,,,"Up to 9.80 GP/s","Up to 39.00 GT/s","Up to 1.25 TFLOPs",,,,8,512,32,,,,,,"6 Gbps",4GB,GDDR5,64-bit,"Up to 48 GB/s",Yes,Yes,Yes,Yes,Yes,,"1.4 HDR",No,"4K60 Support",,,,,,"AMD Radeon™ Software, AMD FreeSync™ Technology, 4th Gen GCN Architecture, AMD Radeon™ Chill, AMD Radeon™ ReLive, DirectX® 12 Technology, AMD App Acceleration, The Vulkan® API"
,on,"Radeon™ 535","Radeon™ 500 Series","Radeon™ 500 Series",Desktop,,,"Windows 10 - 64-Bit Edition, Windows 8.1 - 32-Bit Edition, Windows 8.1 - 64-Bit Edition",,6,,"Up to 1024 MHz",,,,"Up to 8.20 GP/s","Up to 24.60 GT/s",,,,,8,384,24,"834.00 M",,,,,"4.5 Gbps",4GB,GDDR5,64-bit,"Up to 48 GB/s",No,No,No,No,No,,,,No,,,,,,"DirectX® 12 Technology, 28nm Process Technology, The Vulkan® API"
,on,"Radeon™ 530","Radeon™ 500 Series","Radeon™ 500 Series","Desktop, Notebook",4/18/2017,,"Windows 10 - 64-Bit Edition, Windows 7 - 32-Bit Edition, Windows 7 - 64-Bit Edition, Ubuntu x86 64-Bit, Linux x86_64",,6,,"Up to 1024 MHz",,,,"Up to 8.20 GP/s","Up to 24.58 GT/s","Up to 800 GFLOPs",,,,8,320/384,20/24,,,,,,"4.5 Gbps",4GB,DDR3/GDDR5,64-bit,"Up to 48 GB/s",No,No,No,No,No,,No,No,No,,,No,,,"AMD Radeon™ Software, Graphics Core Next Architecture, 3rd Gen GCN Architecture, AMD Radeon™ ReLive, DirectX® 12 Technology, AMD App Acceleration, AMD Enduro™ Technology, AMD Frame Rate Target Control, 28nm Process Technology, OpenCL® 2.0, OpenGL 4.5, AMD PowerTune Technology, AMD Radeon™ Dual Graphics, AMD TressFX Hair, Unified Video Decoder (UVD), Video Code Engine (VCE), The Vulkan® API"
,on,"Radeon™ 520","Radeon™ 500 Series","Radeon™ 500 Series","Desktop, Notebook",4/18/2017,,"Windows 10 - 64-Bit Edition, Windows 7 - 32-Bit Edition, Windows 7 - 64-Bit Edition, Ubuntu x86 64-Bit, Linux x86_64",,5,,"Up to 1030 MHz",,,,"Up to 4.10 GP/s","Up to 20.60 GT/s","Up to 660 GFLOPs",,,,4,320,20,,,,,,"4.5 Gbps",4GB,GDDR5,64-bit,"Up to 48 GB/s",No,No,No,No,No,,No,No,No,,,No,,,"AMD Radeon™ Software, Graphics Core Next Architecture, 1st Gen GCN Architecture, AMD Radeon™ ReLive, DirectX® 12 Technology, AMD App Acceleration, AMD Enduro™ Technology, 28nm Process Technology, OpenCL® 2.0, OpenGL 4.5, AMD PowerTune Technology, AMD Radeon™ Dual Graphics, AMD TressFX Hair, Unified Video Decoder (UVD), Video Code Engine (VCE), The Vulkan® API"
,on,"AMD Radeon™ RX 480","Radeon™ 400 Series","Radeon™ RX 400 Series",Component,,,"Windows 10 - 64-Bit Edition, Windows 7 - 64-Bit Edition, Ubuntu x86 64-Bit, Linux x86_64",,36,"1120 MHz","Up to 1266 MHz",,,,,,"Up to 5.8 TFLOPs",,,,,2304,,,"110 W","150 W","500 W",,"7 Gbps",4GB,GDDR5,256-bit,"Up to 224 GB/s",Yes,Yes,Yes,Yes,Yes,,"1.4 HDR",No,"4K60 Support",,,No,,,"AMD Radeon™ VR Ready Premium, AMD FreeSync™ Technology, 4th Gen GCN Architecture, AMD Radeon™ Chill, AMD Radeon™ ReLive, DirectX® 12 Technology, AMD Eyefinity Technology (Gaming), Catalyst Software, AMD CrossFire™ Technology, AMD CrossFire™ (Bridgeless), AMD Frame Rate Target Control, 3rd Gen 14nm Process Technology, OpenCL® 2.0, OpenGL 4.5, AMD PowerTune Technology, TrueAudio Next, Unified Video Decoder (UVD), Video Code Engine (VCE), AMD Virtual Super Resolution, The Vulkan® API, AMD ZeroCore Power Technology, AMD Gaming Evolved Client"
,on,"Radeon™ RX 470","Radeon™ 400 Series","Radeon™ RX 400 Series",Component,,,"Windows 10 - 64-Bit Edition, Windows 7 - 64-Bit Edition, Ubuntu x86 64-Bit, Linux x86_64",,32,"926 MHz","Up to 1206 MHz",,,,,,"Up to 4.9 TFLOPs",,,,,2048,,,"85-110 W","120 W","450 W",,"6.6 Gbps",4GB,GDDR5,256-bit,"Up to 211 GB/s",Yes,Yes,Yes,Yes,Yes,,"1.4 HDR",No,"4K60 Support",,,No,,,"AMD FreeSync™ Technology, 4th Gen GCN Architecture, AMD Radeon™ Chill, AMD Radeon™ ReLive, DirectX® 12 Technology, AMD Eyefinity Technology (Gaming), Catalyst Software, AMD CrossFire™ Technology, AMD CrossFire™ (Bridgeless), AMD Frame Rate Target Control, 3rd Gen 14nm Process Technology, OpenCL® 2.0, OpenGL 4.5, AMD PowerTune Technology, TrueAudio Next, Unified Video Decoder (UVD), Video Code Engine (VCE), AMD Virtual Super Resolution, The Vulkan® API, AMD ZeroCore Power Technology, AMD Gaming Evolved Client"
,on,"Radeon™ RX 460","Radeon™ 400 Series","Radeon™ RX 400 Series",Component,,,"Windows 10 - 64-Bit Edition, Windows 7 - 64-Bit Edition, Ubuntu x86 64-Bit, Linux x86_64",,14,"1090 MHz","Up to 1200 MHz",,,,,,"Up to 2.2 TFLOPs",,,,,896,,,"35-48 W","70 W","400 W",,"7 Gbps",2GB,GDDR5,128-bit,"Up to 112 GB/s",Yes,Yes,Yes,Yes,Yes,,"1.4 HDR",No,"4K60 Support",,,No,,,"AMD FreeSync™ Technology, 4th Gen GCN Architecture, AMD Radeon™ Chill, AMD Radeon™ ReLive, DirectX® 12 Technology, AMD Eyefinity Technology (Gaming), Catalyst Software, AMD CrossFire™ (Bridgeless), AMD Frame Rate Target Control, 3rd Gen 14nm Process Technology, OpenCL® 2.0, OpenGL 4.5, AMD PowerTune Technology, Unified Video Decoder (UVD), Video Code Engine (VCE), AMD Virtual Super Resolution, The Vulkan® API, AMD ZeroCore Power Technology"
,on,"AMD Radeon™ R9 Fury X","AMD Radeon™ R9 Series","AMD Radeon™ R9 Fury Series",Component,,,,,64,,"Up to 1050 MHz",,,,,,,,,,,4096,,,,"275 W",,,,4GB,"High Bandwidth Memory (HBM)",,"Up to 512 GB/s",,,,,,,Yes,No,Yes,,,No,6,,"AMD App Acceleration, Catalyst Software, AMD Frame Rate Target Control, AMD FreeSync™ Technology, AMD HD3D Technology, AMD Mantle API, AMD PowerTune Technology, AMD TrueAudio Technology, Unified Video Decoder (UVD), Video Code Engine (VCE), AMD Gaming Evolved Client, AMD LiquidVR™ Technology, AMD TressFX Hair, AMD Virtual Super Resolution, AMD Eyefinity Technology (Gaming), OpenCL® 2.0, OpenGL 4.5, DirectX® 12 Technology"
,on,"AMD Radeon™ R9 Fury","AMD Radeon™ R9 Series","AMD Radeon™ R9 Fury Series",Component,,,,,56,,"Up to 1000 MHz",,,,,,,,,,,3584,,,,"275 W",,,,4GB,"High Bandwidth Memory (HBM)",4096-bit,"Up to 512 GB/s",,,,,,,Yes,No,Yes,,,No,6,,"AMD App Acceleration, Catalyst Software, AMD Frame Rate Target Control, AMD FreeSync™ Technology, AMD HD3D Technology, AMD Mantle API, AMD PowerTune Technology, AMD TrueAudio Technology, Unified Video Decoder (UVD), Video Code Engine (VCE), AMD Gaming Evolved Client, AMD LiquidVR™ Technology, AMD TressFX Hair, AMD Virtual Super Resolution, AMD Eyefinity Technology (Gaming), The Vulkan® API, OpenCL® 2.0, OpenGL 4.5, DirectX® 12 Technology"
,on,"AMD Radeon™ R9 Nano","AMD Radeon™ R9 Series","AMD Radeon™ R9 Fury Series",Component,,,,,64,,"Up to 1000 MHz",,,,,,,,,,,4096,,,,"175 W",,,,4GB,"High Bandwidth Memory (HBM)",4096-bit,"Up to 512 GB/s",,,,,,,Yes,No,Yes,,,No,6,,"AMD App Acceleration, Catalyst Software, AMD Frame Rate Target Control, AMD FreeSync™ Technology, AMD HD3D Technology, AMD Mantle API, AMD PowerTune Technology, AMD TrueAudio Technology, AMD ZeroCore Power Technology, Video Code Engine (VCE), AMD Gaming Evolved Client, AMD LiquidVR™ Technology, AMD TressFX Hair, AMD Virtual Super Resolution, AMD Eyefinity Technology (Gaming), The Vulkan® API, OpenCL® 2.0, OpenGL 4.5, DirectX® 12 Technology"
,on,"AMD Radeon™ R9 390X","AMD Radeon™ R9 Series","AMD Radeon™ R9 300 Series",Component,,,,,44,,"Up to 1050 MHz",,,,,,,,,,,2816,,,,,,,,8GB,GDDR5,512-bit,"Up to 384 GB/s",Yes,,,,,,Yes,No,Yes,,,No,6,,"Catalyst Software, AMD Frame Rate Target Control, AMD FreeSync™ Technology, AMD HD3D Technology, AMD Mantle API, AMD PowerTune Technology, AMD TrueAudio Technology, AMD ZeroCore Power Technology, Video Code Engine (VCE), AMD LiquidVR™ Technology, AMD Virtual Super Resolution, AMD Eyefinity Technology (Gaming), The Vulkan® API, TrueAudio Next, OpenCL® 2.0, OpenGL 4.5, DirectX® 12 Technology"
,on,"AMD Radeon™ R9 390","AMD Radeon™ R9 Series","AMD Radeon™ R9 300 Series",Component,,,,,40,,"Up to 1000 MHz",,,,,,,,,,,2560,,,,,,,,8GB,GDDR5,512-bit,"Up to 384 GB/s",Yes,,,,,,Yes,No,Yes,,,No,6,,"Catalyst Software, AMD Frame Rate Target Control, AMD FreeSync™ Technology, AMD HD3D Technology, AMD Mantle API, AMD PowerTune Technology, AMD TrueAudio Technology, AMD ZeroCore Power Technology, Video Code Engine (VCE), AMD LiquidVR™ Technology, AMD Virtual Super Resolution, AMD Eyefinity Technology (Gaming), The Vulkan® API, TrueAudio Next, OpenCL® 2.0, OpenGL 4.5, DirectX® 12 Technology"
,on,"AMD Radeon™ R9 380X","AMD Radeon™ R9 Series","AMD Radeon™ R9 300 Series",Component,,"Full Height/Full Length",,,32,,"Up to 970 MHz",,,,,,,,,,,2048,,,,,,,,4GB,GDDR5,64-bit,"Up to 182.4 GB/s",Yes,,,,,,Yes,No,Yes,,,No,6,,"Catalyst Software, AMD Frame Rate Target Control, AMD FreeSync™ Technology, AMD HD3D Technology, AMD Mantle API, AMD PowerTune Technology, AMD TrueAudio Technology, AMD ZeroCore Power Technology, Video Code Engine (VCE), AMD LiquidVR™ Technology, AMD Virtual Super Resolution, AMD Eyefinity Technology (Gaming), The Vulkan® API, TrueAudio Next, OpenCL® 2.0, OpenGL 4.5, DirectX® 12 Technology"
,on,"AMD Radeon™ R9 380","AMD Radeon™ R9 Series","AMD Radeon™ R9 300 Series",Component,,"Full Height/Full Length Dual Slot",,,28,,"Up to 970 MHz",,,,,,,,,,,1792,,,,,,,,4GB,GDDR5,256-bit,"Up to 182.4 GB/s",Yes,,,,,,Yes,No,Yes,,,No,6,,"Catalyst Software, AMD Frame Rate Target Control, AMD FreeSync™ Technology, AMD HD3D Technology, AMD Mantle API, AMD PowerTune Technology, AMD TrueAudio Technology, AMD ZeroCore Power Technology, Video Code Engine (VCE), AMD LiquidVR™ Technology, AMD Virtual Super Resolution, AMD Eyefinity Technology (Gaming), The Vulkan® API, TrueAudio Next, OpenCL® 2.0, OpenGL 4.5, DirectX® 12 Technology"
,on,"AMD Radeon™ R9 M395X","AMD Radeon™ R9 Series","AMD Radeon™ R9 300 Series",Component,,,,,,,,,,,,,,,,,,,,,,,,,,4GB,GDDR5,256-bit,,,,,,,,,,,,,,,,"Catalyst Software, AMD PowerTune Technology, AMD Radeon™ Dual Graphics, AMD TrueAudio Technology, AMD ZeroCore Power Technology, AMD Eyefinity Technology (Gaming), Switchable Graphics, OpenGL 4.4, DirectX® 12 Technology"
,on,"AMD Radeon™ R9 M395","AMD Radeon™ R9 Series","AMD Radeon™ R9 300 Series",Component,,,,,,,,,,,,,,,,,,,,,,,,,,4GB,GDDR5,256-bit,,,,,,,,,,,,,,,,"Catalyst Software, AMD PowerTune Technology, AMD Radeon™ Dual Graphics, AMD TrueAudio Technology, AMD ZeroCore Power Technology, AMD Eyefinity Technology (Gaming), Switchable Graphics, OpenGL 4.4, DirectX® 12 Technology"
,on,"AMD Radeon™ R9 M390X","AMD Radeon™ R9 Series","AMD Radeon™ R9 300 Series",Component,,,,,,,,,,,,,,,,,,,,,,,,,,4GB,GDDR5,256-bit,,,,,,,,,,,,,,,,"Catalyst Software, AMD PowerTune Technology, AMD Radeon™ Dual Graphics, AMD ZeroCore Power Technology, AMD Eyefinity Technology (Gaming), Switchable Graphics, OpenGL 4.4, DirectX® 12 Technology"
,on,"AMD Radeon™ R9 M390","AMD Radeon™ R9 Series","AMD Radeon™ R9 300 Series",Component,,,,,,,,,,,,,,,,,,,,,,,,,,4GB,GDDR5,256-bit,,,,,,,,,,,,,,,,"Catalyst Software, AMD PowerTune Technology, AMD Radeon™ Dual Graphics, AMD ZeroCore Power Technology, AMD Eyefinity Technology (Gaming), Switchable Graphics, OpenGL 4.4, DirectX® 12 Technology"
,on,"AMD Radeon™ R9 M385X","AMD Radeon™ R9 Series","AMD Radeon™ R9 300 Series",Component,,,,,,,"Up to 1100 MHz",,,,,,,,,,,,,,,,,,,4GB,GDDR5,128-bit,,,,,,,,,,,,,,,,"Catalyst Software, AMD PowerTune Technology, AMD Radeon™ Dual Graphics, AMD ZeroCore Power Technology, AMD Eyefinity Technology (Gaming), Switchable Graphics, OpenGL 4.4, DirectX® 12 Technology"
,on,"AMD Radeon™ R9 M385","AMD Radeon™ R9 Series","AMD Radeon™ R9 300 Series",Component,,,,,,,"Up to 1100 MHz",,,,,,,,,,,,,,,,,,,4GB,GDDR5,128-bit,,,,,,,,,,,,,,,,"Catalyst Software, AMD PowerTune Technology, AMD Radeon™ Dual Graphics, AMD TrueAudio Technology, AMD ZeroCore Power Technology, AMD Eyefinity Technology (Gaming), Switchable Graphics, OpenGL 4.4, DirectX® 12 Technology"
,on,"AMD Radeon™ R9 M380","AMD Radeon™ R9 Series","AMD Radeon™ R9 300 Series",Component,,,,,,,"Up to 1000 MHz",,,,,,,,,,,,,,,,,,,4GB,GDDR5,128-bit,,,,,,,,,,,,,,,,"Catalyst Software, AMD PowerTune Technology, AMD Radeon™ Dual Graphics, AMD TrueAudio Technology, AMD ZeroCore Power Technology, AMD Eyefinity Technology (Gaming), Switchable Graphics, OpenGL 4.4, DirectX® 12 Technology"
,on,"AMD Radeon™ R9 M375X","AMD Radeon™ R9 Series","AMD Radeon™ R9 300 Series",Component,,,,,10,,"Up to 1015 MHz",,,,,,,,,,,,,,,,,,,4GB,GDDR5,128-bit,,,,,,,,,,,,,,,,"Catalyst Software, AMD PowerTune Technology, AMD Radeon™ Dual Graphics, AMD ZeroCore Power Technology, AMD Eyefinity Technology (Gaming), Switchable Graphics, OpenGL 4.4, DirectX® 12 Technology"
,on,"AMD Radeon™ R9 M375","AMD Radeon™ R9 Series","AMD Radeon™ R9 300 Series",Component,,,,,10,,"Up to 1015 MHz",,,,,,,,,,,,,,,,,,,4GB,DDR3,128-bit,,,,,,,,,,,,,,,,"Catalyst Software, AMD PowerTune Technology, AMD Radeon™ Dual Graphics, AMD ZeroCore Power Technology, AMD Eyefinity Technology (Gaming), Switchable Graphics, OpenGL 4.4, DirectX® 12 Technology"
,on,"AMD Radeon™ R9 M365X","AMD Radeon™ R9 Series","AMD Radeon™ R9 300 Series",Component,,,,,10,,"Up to 925 MHz",,,,,,,,,,,,,,,,,,,4GB,GDDR5,128-bit,,,,,,,,,,,,,,,,"Catalyst Software, AMD PowerTune Technology, AMD Radeon™ Dual Graphics, AMD ZeroCore Power Technology, AMD Eyefinity Technology (Gaming), Switchable Graphics, OpenGL 4.4, DirectX® 12 Technology"
,on,"AMD Radeon™ R9 M360","AMD Radeon™ R9 Series","AMD Radeon™ R9 300 Series",Component,,,,,8,,"Up to 925 MHz",,,,,,,,,,,,,,,,,,,4GB,GDDR5,128-bit,,,,,,,,,,,,,,,,"Catalyst Software, AMD PowerTune Technology, AMD Radeon™ Dual Graphics, AMD ZeroCore Power Technology, AMD Eyefinity Technology (Gaming), Switchable Graphics, OpenGL 4.4, DirectX® 12 Technology"
,on,"AMD Radeon™ R9 295X2","AMD Radeon™ R9 Series","AMD Radeon™ R9 200 Series",Component,,,,,,,"Up to 1018 MHz",,,,,,,,,,,5632,,,,"500 W",,,,8GB,,,"Up to 640 GB/s",,,,,,,No,Yes,,,,No,,,"Catalyst Software, AMD HD3D Technology, Unified Video Decoder (UVD), AMD Gaming Evolved Client, AMD LiquidVR™ Technology, AMD TressFX Hair, AMD Eyefinity Technology (Gaming), The Vulkan® API, DirectX® 12 Technology"
,on,"AMD Radeon™ R9 290X","AMD Radeon™ R9 Series","AMD Radeon™ R9 200 Series",Component,,,,,,,"Up to 947 MHz",,,,,,,,,,,2560,,,,"250 W",,,,4GB,,,"Up to 320 GB/s",,,,,,,Yes,Yes,Yes,,,No,,,"Catalyst Software, AMD HD3D Technology, AMD TrueAudio Technology, Unified Video Decoder (UVD), AMD Gaming Evolved Client, AMD LiquidVR™ Technology, AMD TressFX Hair, AMD Eyefinity Technology (Gaming), The Vulkan® API, DirectX® 12 Technology"
,on,"AMD Radeon™ R9 290","AMD Radeon™ R9 Series","AMD Radeon™ R9 200 Series",Component,,,,,,,,,,,,,,,,,,,,,,,,,,,,,,,,,,,,No,No,,,,No,,,"Catalyst Software, AMD HD3D Technology, AMD TrueAudio Technology, Unified Video Decoder (UVD), AMD Gaming Evolved Client, AMD LiquidVR™ Technology, AMD TressFX Hair, The Vulkan® API, DirectX® 12 Technology"
,on,"AMD Radeon™ R9 285","AMD Radeon™ R9 Series","AMD Radeon™ R9 200 Series",Component,,,,,,,,,,,,,,,,,,,,,,,,,,,,,,,,,,,,No,No,,,,No,,,"Catalyst Software, AMD HD3D Technology, AMD TrueAudio Technology, Unified Video Decoder (UVD), AMD Gaming Evolved Client, AMD LiquidVR™ Technology, AMD TressFX Hair, The Vulkan® API, DirectX® 12 Technology"
,on,"AMD Radeon™ R9 280X","AMD Radeon™ R9 Series","AMD Radeon™ R9 200 Series",Component,,,,,,,"Up to 1000 MHz",,,,,,,,,,,2048,,,,"250 W",,,,3GB,,,"Up to 288 GB/s",,,,,,,Yes,Yes,Yes,,,No,,,"Catalyst Software, AMD HD3D Technology, AMD TrueAudio Technology, Unified Video Decoder (UVD), AMD Gaming Evolved Client, AMD LiquidVR™ Technology, AMD TressFX Hair, AMD Eyefinity Technology (Gaming), The Vulkan® API, DirectX® 12 Technology"
,on,"AMD Radeon™ R9 280","AMD Radeon™ R9 Series","AMD Radeon™ R9 200 Series",Component,,,,,,,"Up to 933 MHz",,,,,,,,,,,1792,,,,,,,,3GB,,,"Up to 240 GB/s",,,,,,,No,Yes,Yes,,,No,,,"Catalyst Software, AMD HD3D Technology, AMD TrueAudio Technology, Unified Video Decoder (UVD), AMD Gaming Evolved Client, AMD LiquidVR™ Technology, AMD TressFX Hair, AMD Eyefinity Technology (Gaming), The Vulkan® API, DirectX® 12 Technology"
,on,"AMD Radeon™ R9 270X","AMD Radeon™ R9 Series","AMD Radeon™ R9 200 Series",Component,,,,,,,"Up to 1050 MHz",,,,,,,,,,,1280,,,,"180 W",,,,2GB,,,"Up to 179.2 GB/s",,,,,,,Yes,Yes,Yes,,,No,,,"Catalyst Software, AMD HD3D Technology, AMD TrueAudio Technology, Unified Video Decoder (UVD), AMD Gaming Evolved Client, AMD LiquidVR™ Technology, AMD TressFX Hair, AMD Eyefinity Technology (Gaming), The Vulkan® API, DirectX® 12 Technology"
,on,"AMD Radeon™ R9 270","AMD Radeon™ R9 Series","AMD Radeon™ R9 200 Series",Component,,,,,,,"Up to 925 MHz",,,,,,,,,,,1280,,,,"150 W",,,,2GB,,,"Up to 179.2 GB/s",,,,,,,Yes,Yes,Yes,,,No,,,"Catalyst Software, AMD HD3D Technology, AMD TrueAudio Technology, Unified Video Decoder (UVD), AMD Gaming Evolved Client, AMD LiquidVR™ Technology, AMD TressFX Hair, AMD Eyefinity Technology (Gaming), The Vulkan® API, DirectX® 12 Technology"
,on,"AMD Radeon™ R9 M295X","AMD Radeon™ R9 Series","AMD Radeon™ R9 200 Series",Component,,,,,,,,,,,,,,,,,,,,,,,,,,,,,,,,,,,,,,,,,,,,"Catalyst Software, AMD PowerTune Technology, AMD Radeon™ Dual Graphics, AMD ZeroCore Power Technology, Switchable Graphics, OpenGL 4.4"
,on,"AMD Radeon™ R9 M290X","AMD Radeon™ R9 Series","AMD Radeon™ R9 200 Series",Component,,,,,20,,"Up to 900 MHz",,,,,,,,,,,,,,,,,,,4GB,GDDR5,256-bit,"Up to 153.6 GB/s",,,,,,,,,,,,,,,"Catalyst Software, AMD PowerTune Technology, AMD Radeon™ Dual Graphics, AMD ZeroCore Power Technology, AMD Eyefinity Technology (Gaming), Switchable Graphics, OpenGL 4.4, DirectX® 11"
,on,"AMD Radeon™ R9 M285X","AMD Radeon™ R9 Series","AMD Radeon™ R9 200 Series",Component,,,,,,,,,,,,,,,,,,,,,,,,,,,,,,,,,,,,,,,,,,,,"Catalyst Software, AMD PowerTune Technology, AMD Radeon™ Dual Graphics, AMD ZeroCore Power Technology, Switchable Graphics, OpenGL 4.4, DirectX® 11"
,on,"AMD Radeon™ R9 M280X","AMD Radeon™ R9 Series","AMD Radeon™ R9 200 Series",Component,,,,,,,,,,,,,,,,,,,,,,,,,,,,,,,,,,,,,,,,,,,,"Catalyst Software, AMD PowerTune Technology, AMD Radeon™ Dual Graphics, AMD ZeroCore Power Technology, Switchable Graphics, OpenGL 4.4, DirectX® 11"
,on,"AMD Radeon™ R9 M280","AMD Radeon™ R9 Series","AMD Radeon™ R9 200 Series",Component,,,,,14,,"Up to 1100 MHz",,,,,,,,,,,,,,,,,,,4GB,GDDR5,128-bit,"Up to 96 GB/s",,,,,,,,,,,,,,,"Catalyst Software, AMD PowerTune Technology, AMD Radeon™ Dual Graphics, AMD ZeroCore Power Technology, Switchable Graphics, OpenCL® 2.0, OpenGL 4.4, DirectX® 12 Technology"
,on,"AMD Radeon™ R9 M275X","AMD Radeon™ R9 Series","AMD Radeon™ R9 200 Series",Component,,,,,10,,"Up to 925 MHz",,,,,,,,,,,,,,,,,,,4GB,GDDR5,128-bit,"Up to 72 GB/s",,,,,,,,,,,,,,,"Catalyst Software, AMD PowerTune Technology, AMD Radeon™ Dual Graphics, AMD ZeroCore Power Technology, AMD Eyefinity Technology (Gaming), Switchable Graphics, OpenGL 4.4, DirectX® 11"
,on,"AMD Radeon™ R9 M270X","AMD Radeon™ R9 Series","AMD Radeon™ R9 200 Series",Component,,,,,10,,"Up to 775 MHz",,,,,,,,,,,,,,,,,,,4GB,GDDR5,128-bit,"Up to 72 GB/s",,,,,,,,,,,,,,,"Catalyst Software, AMD PowerTune Technology, AMD Radeon™ Dual Graphics, AMD ZeroCore Power Technology, AMD Eyefinity Technology (Gaming), Switchable Graphics, OpenGL 4.4, DirectX® 11"
,on,"AMD Radeon™ R9 M265X","AMD Radeon™ R9 Series","AMD Radeon™ R9 200 Series",Component,,,,,10,,"Up to 625 MHz",,,,,,,,,,,,,,,,,,,4GB,GDDR5,128-bit,"Up to 72 GB/s",,,,,,,,,,,,,,,"Catalyst Software, AMD PowerTune Technology, AMD Radeon™ Dual Graphics, AMD ZeroCore Power Technology, AMD Eyefinity Technology (Gaming), Switchable Graphics, OpenGL 4.4, DirectX® 11"
,on,"AMD Radeon™ R7 370","AMD Radeon™ R7 Series","AMD Radeon™ R7 300 Series",Component,,,,,,,"Up to 975 MHz",,,,,,,,,,,1024,,,,,,,,4GB,GDDR5,256-bit,"Up to 179.2 GB/s",,,,,,,Yes,No,Yes,,,No,6,,"Catalyst Software, AMD Mantle API, AMD TrueAudio Technology, Video Code Engine (VCE), AMD Eyefinity Technology (Gaming), OpenCL® 2.0, DirectX® 12 Technology"
,on,"AMD Radeon™ R7 360","AMD Radeon™ R7 Series","AMD Radeon™ R7 300 Series",Component,,,,,,,"Up to 1000 MHz",,,,,,,,,,,768,,,,,,,,2GB,GDDR5,128-bit,"Up to 112 GB/s",,,,,,,Yes,No,Yes,,,No,6,,"Catalyst Software, AMD Mantle API, AMD PowerTune Technology, AMD TrueAudio Technology, Video Code Engine (VCE), AMD Eyefinity Technology (Gaming), OpenCL® 2.0, DirectX® 12 Technology"
,on,"AMD Radeon™ R7 M380","AMD Radeon™ R7 Series","AMD Radeon™ R7 300 Series",Component,,,,,10,,"Up to 915 MHz",,,,,,,,,,,,,,,,,,,4GB,DDR3,128-bit,,,,,,,,,,,,,,,,"Catalyst Software, AMD PowerTune Technology, AMD Radeon™ Dual Graphics, AMD ZeroCore Power Technology, AMD Eyefinity Technology (Gaming), Switchable Graphics, OpenGL 4.4, DirectX® 12 Technology"
,on,"AMD Radeon™ R7 M375","AMD Radeon™ R7 Series","AMD Radeon™ R7 300 Series",Component,,,,,8,,"Up to 915 MHz",,,,,,,,,,,,,,,,,,,4GB,DDR3,128-bit,,,,,,,,,,,,,,,,"Catalyst Software, AMD PowerTune Technology, AMD Radeon™ Dual Graphics, AMD ZeroCore Power Technology, AMD Eyefinity Technology (Gaming), Switchable Graphics, OpenGL 4.4, DirectX® 12 Technology"
,on,"AMD Radeon™ R7 M370","AMD Radeon™ R7 Series","AMD Radeon™ R7 300 Series",Component,,,,,,,"Up to 960 MHz",,,,,,,,,,,,,,,,,,,4GB,GDDR5,128-bit,,,,,,,,,,,,,,,,"Catalyst Software, AMD PowerTune Technology, AMD Radeon™ Dual Graphics, AMD ZeroCore Power Technology, AMD Eyefinity Technology (Gaming), Switchable Graphics, OpenGL 4.4, DirectX® 12 Technology"
,on,"AMD Radeon™ R7 M365X","AMD Radeon™ R7 Series","AMD Radeon™ R7 300 Series",Component,,,,,6,,"Up to 825 MHz",,,,,,,,,,,,,,,,,,,4GB,GDDR5,128-bit,,,,,,,,,,,,,,,,"Catalyst Software, AMD PowerTune Technology, AMD Radeon™ Dual Graphics, AMD ZeroCore Power Technology, AMD Eyefinity Technology (Gaming), Switchable Graphics, OpenGL 4.4, DirectX® 12 Technology"
,on,"AMD Radeon™ R7 M365","AMD Radeon™ R7 Series","AMD Radeon™ R7 300 Series",Component,,,,,,,"Up to 960 MHz",,,,,,,,,,,,,,,,,,,4GB,DDR3,128-bit,,,,,,,,,,,,,,,,"Catalyst Software, AMD PowerTune Technology, AMD Radeon™ Dual Graphics, AMD ZeroCore Power Technology, AMD Eyefinity Technology (Gaming), Switchable Graphics, OpenGL 4.4, DirectX® 12 Technology"
,on,"AMD Radeon™ R7 M360","AMD Radeon™ R7 Series","AMD Radeon™ R7 300 Series",Component,,,,,6,,"Up to 1125 MHz",,,,,,,,,,,,,,,,,,,4GB,DDR3,64-bit,,,,,,,,,,,,,,,,"Catalyst Software, AMD PowerTune Technology, AMD Radeon™ Dual Graphics, AMD ZeroCore Power Technology, AMD Eyefinity Technology (Gaming), Switchable Graphics, OpenGL 4.4, DirectX® 12 Technology"
,on,"AMD Radeon™ R7 M350","AMD Radeon™ R7 Series","AMD Radeon™ R7 300 Series",Component,,,,,6,,"Up to 825 MHz",,,,,,,,,,,,,,,,,,,4GB,DDR3,128-bit,,,,,,,,,,,,,,,,"Catalyst Software, AMD PowerTune Technology, AMD Radeon™ Dual Graphics, AMD ZeroCore Power Technology, AMD Eyefinity Technology (Gaming), Switchable Graphics, OpenGL 4.4, DirectX® 12 Technology"
,on,"AMD Radeon™ R7 M340","AMD Radeon™ R7 Series","AMD Radeon™ R7 300 Series",Component,,,,,6,,"Up to 1021 MHz",,,,,,,,,,,,,,,,,,,4GB,DDR3,128-bit,,,,,,,,,,,,,,,,"Catalyst Software, AMD PowerTune Technology, AMD Radeon™ Dual Graphics, AMD ZeroCore Power Technology, AMD Eyefinity Technology (Gaming), Switchable Graphics, OpenGL 4.4, DirectX® 12 Technology"
,on,"AMD Radeon™ R7 265","AMD Radeon™ R7 Series","AMD Radeon™ R7 200 Series",Component,,,,,,,"Up to 925 MHz",,,,,,,,,,,1024,,,,,,,,4GB,,,"Up to 179.2 GB/s",,,,,,,No,Yes,Yes,,,Yes,,,"Catalyst Software, AMD Eyefinity Technology (Gaming), DirectX® 12 Technology"
,on,"AMD Radeon™ R7 260X","AMD Radeon™ R7 Series","AMD Radeon™ R7 200 Series",Component,,,,,,,"Up to 1000 MHz",,,,,,,,,,,896,,,,,,,,4GB,,,"Up to 104 GB/s",,,,,,,No,Yes,Yes,,,Yes,,,"Catalyst Software, AMD Eyefinity Technology (Gaming), DirectX® 12 Technology"
,on,"AMD Radeon™ R7 260","AMD Radeon™ R7 Series","AMD Radeon™ R7 200 Series",Component,,,,,,,"Up to 1100 MHz",,,,,,,,,,,896,,,,"115 W",,,,2GB,,,"Up to 104 GB/s",,,,,,,Yes,Yes,Yes,,,No,,,"Catalyst Software, AMD Eyefinity Technology (Gaming), DirectX® 12 Technology"
,on,"AMD Radeon™ R7 250X","AMD Radeon™ R7 Series","AMD Radeon™ R7 200 Series",Component,,,,,,,"Up to 1000 MHz",,,,,,,,,,,640,,,,,,,,2GB,,,"Up to 96 GB/s",,,,,,,No,Yes,Yes,,,Yes,,,"Catalyst Software, AMD Eyefinity Technology (Gaming), DirectX® 12 Technology"
,on,"AMD Radeon™ R7 250","AMD Radeon™ R7 Series","AMD Radeon™ R7 200 Series",Component,,,,,,,"Up to 1050 MHz",,,,,,,,,,,384,,,,"75 W",,,,2GB,,,"Up to 72 GB/s",,,,,,,No,Yes,Yes,,,Yes,,,"Catalyst Software, DirectX® 12 Technology"
,on,"AMD Radeon™ R7 240","AMD Radeon™ R7 Series","AMD Radeon™ R7 200 Series",Component,,,,,,,"Up to 780 MHz",,,,,,,,,,,320,,,,"50 W",,,,2GB,,,"Up to 72 GB/s",,,,,,,No,Yes,Yes,,,Yes,,,"Catalyst Software, DirectX® 12 Technology"
,on,"AMD Radeon™ R7 M270","AMD Radeon™ R7 Series","AMD Radeon™ R7 200 Series",Component,,,,,,,,,,,,,,,,,,,,,,,,,,,,,,,,,,,,,,,,,,,,"Catalyst Software, AMD PowerTune Technology, AMD Radeon™ Dual Graphics, AMD ZeroCore Power Technology, Switchable Graphics, OpenGL 4.4, DirectX® 11"
,on,"AMD Radeon™ R7 M265X","AMD Radeon™ R7 Series","AMD Radeon™ R7 200 Series",Component,,,,,,,,,,,,,,,,,,,,,,,,,,,,,,,,,,,,,,,,,,,,"Catalyst Software, AMD PowerTune Technology, AMD Radeon™ Dual Graphics, AMD ZeroCore Power Technology, Switchable Graphics, OpenGL 4.4, DirectX® 11"
,on,"AMD Radeon™ R7 M265AE","AMD Radeon™ R7 Series","AMD Radeon™ R7 200 Series",Component,,,,,,,,,,,,,,,,,,,,,,,,,,,,,,,,,,,,,,,,,,,,"Catalyst Software, AMD PowerTune Technology, AMD Radeon™ Dual Graphics, AMD ZeroCore Power Technology, Switchable Graphics, OpenGL 4.4, DirectX® 11"
,on,"AMD Radeon™ R7 M265","AMD Radeon™ R7 Series","AMD Radeon™ R7 200 Series",Component,,,,,6,,"Up to 825 MHz",,,,,,,,,,,,,,,,,,,4GB,DDR3,128-bit,"Up to 32 GB/s",,,,,,,,,,,,,,,"Catalyst Software, AMD PowerTune Technology, AMD Radeon™ Dual Graphics, AMD ZeroCore Power Technology, Switchable Graphics, OpenGL 4.4, DirectX® 11"
,on,"AMD Radeon™ R7 M260X","AMD Radeon™ R7 Series","AMD Radeon™ R7 200 Series",Component,,,,,6,,"Up to 715 MHz",,,,,,,,,,,,,,,,,,,4GB,GDDR5,128-bit,"Up to 64 GB/s",,,,,,,,,,,,,,,"Catalyst Software, AMD PowerTune Technology, AMD Radeon™ Dual Graphics, AMD ZeroCore Power Technology, Switchable Graphics, OpenCL® 2.0, OpenGL 4.3, DirectX® 12 Technology"
,on,"AMD Radeon™ R7 M260","AMD Radeon™ R7 Series","AMD Radeon™ R7 200 Series",Component,,,,,6,,"Up to 980 MHz",,,,,,,,,,,,,,,,,,,4GB,DDR3,128-bit,"Up to 32 GB/s",,,,,,,,,,,,,,,"Catalyst Software, AMD PowerTune Technology, AMD Radeon™ Dual Graphics, AMD ZeroCore Power Technology, Switchable Graphics, OpenCL® 2.0, OpenGL 4.3, DirectX® 12 Technology"
,on,"AMD Radeon™ R5 M335X","AMD Radeon™ R5 Series","AMD Radeon™ R5 300 Series",Component,,,,,5,,"Up to 1070 MHz",,,,,,,,,,,,,,,,,,,4GB,DDR3,64-bit,"Up to 32 GB/s",,,,,,,,,,,,,,,"Catalyst Software, AMD PowerTune Technology, AMD Radeon™ Dual Graphics, AMD ZeroCore Power Technology, Switchable Graphics, OpenGL 4.4, DirectX® 12 Technology"
,on,"AMD Radeon™ R5 M335","AMD Radeon™ R5 Series","AMD Radeon™ R5 300 Series",Component,,,,,5,,"Up to 1070 MHz",,,,,,,,,,,,,,,,,,,4GB,DDR3,64-bit,,,,,,,,,,,,,,,,"Catalyst Software, AMD PowerTune Technology, AMD Radeon™ Dual Graphics, AMD ZeroCore Power Technology, Switchable Graphics, OpenGL 4.4, DirectX® 12 Technology"
,on,"AMD Radeon™ R5 M330","AMD Radeon™ R5 Series","AMD Radeon™ R5 300 Series",Component,,,,,5,,"Up to 1030 MHz",,,,,,,,,,,,,,,,,,,4GB,DDR3,64-bit,,,,,,,,,,,,,,,,"Catalyst Software, AMD PowerTune Technology, AMD Radeon™ Dual Graphics, AMD ZeroCore Power Technology, Switchable Graphics, OpenGL 4.4, DirectX® 12 Technology"
,on,"AMD Radeon™ R5 M320","AMD Radeon™ R5 Series","AMD Radeon™ R5 300 Series",Component,,,,,5,,"Up to 855 MHz",,,,,,,,,,,,,,,,,,,4GB,DDR3,64-bit,,,,,,,,,,,,,,,,"Catalyst Software, AMD PowerTune Technology, AMD Radeon™ Dual Graphics, AMD ZeroCore Power Technology, Switchable Graphics, OpenGL 4.4, DirectX® 12 Technology"
,on,"AMD Radeon™ R5 M315","AMD Radeon™ R5 Series","AMD Radeon™ R5 300 Series",Component,,,,,5,,,,,,,,,,,,,,,,,,,,,4GB,DDR3,64-bit,,,,,,,,,,,,,,,,"Catalyst Software, AMD PowerTune Technology, AMD Radeon™ Dual Graphics, AMD ZeroCore Power Technology, Switchable Graphics, OpenGL 4.4, DirectX® 12 Technology"
,on,"AMD Radeon™ R5 235","AMD Radeon™ R5 Series","AMD Radeon™ R5 200 Series",Component,,,,,,,,,,,,,,,,,,,,,,,,,,4GB,,,,,,,,,,No,Yes,Yes,,,Yes,,,"Catalyst Software, AMD Eyefinity Technology (Gaming), DirectX® 11"
,on,"AMD Radeon™ R5 230","AMD Radeon™ R5 Series","AMD Radeon™ R5 200 Series",Component,,,,,,,,,,,,,,,,,,,,,,,,,,4GB,,,,,,,,,,No,Yes,Yes,,,Yes,,,"Catalyst Software, AMD Eyefinity Technology (Gaming), DirectX® 11"
,on,"AMD Radeon™ R5 M255X","AMD Radeon™ R5 Series","AMD Radeon™ R5 200 Series",Component,,,,,5,,"Up to 940 MHz",,,,,,,,,,,,,,,,,,,4GB,DDR3,64-bit,"Up to 16 GB/s",,,,,,,,,,,,,,,"Catalyst Software, AMD PowerTune Technology, AMD Radeon™ Dual Graphics, AMD ZeroCore Power Technology, Switchable Graphics, OpenGL 4.4, DirectX® 11"
,on,"AMD Radeon™ R5 M255","AMD Radeon™ R5 Series","AMD Radeon™ R5 200 Series",Component,,,,,5,,"Up to 940 MHz",,,,,,,,,,,,,,,,,,,4GB,DDR3,64-bit,"Up to 16 GB/s",,,,,,,,,,,,,,,"Catalyst Software, AMD PowerTune Technology, AMD Radeon™ Dual Graphics, AMD ZeroCore Power Technology, Switchable Graphics, OpenGL 4.4, DirectX® 11"
,on,"AMD Radeon™ R5 M240X","AMD Radeon™ R5 Series","AMD Radeon™ R5 200 Series",Component,,,,,,,,,,,,,,,,,,,,,,,,,,,,,,,,,,,,,,,,,,,,"Catalyst Software, AMD PowerTune Technology, AMD Radeon™ Dual Graphics, AMD ZeroCore Power Technology, Switchable Graphics, OpenGL 4.4, DirectX® 11"
,on,"AMD Radeon™ R5 M240","AMD Radeon™ R5 Series","AMD Radeon™ R5 200 Series",Component,,,,,,,,,,,,,,,,,,,,,,,,,,,,,,,,,,,,,,,,,,,,"Catalyst Software, AMD PowerTune Technology, AMD Radeon™ Dual Graphics, AMD ZeroCore Power Technology, Switchable Graphics, OpenGL 4.4, DirectX® 11"
,on,"AMD Radeon™ R5 M230","AMD Radeon™ R5 Series","AMD Radeon™ R5 200 Series",Component,,,,,5,,"Up to 855 MHz",,,,,,,,,,,,,,,,,,,4GB,DDR3,64-bit,"Up to 16 GB/s",,,,,,,,,,,,,,,"Catalyst Software, AMD PowerTune Technology, AMD Radeon™ Dual Graphics, AMD ZeroCore Power Technology, Switchable Graphics, OpenGL 4.4, DirectX® 11"
,on,"AMD Radeon™ HD 8970M Series GPU","AMD Radeon™ HD","AMD Radeon™ HD 8000M Series",Component,,,,,20,,"Up to 850 MHz",,,,,,,,,,,,,,,,,,,4GB,GDDR5,,"Up to 153.6 GB/s",,,,,,,,,,,,,,,"Catalyst Software, AMD PowerTune Technology, AMD ZeroCore Power Technology, AMD Eyefinity Technology (Gaming), DirectX® 11"
,on,"AMD Radeon™ HD 8870M Series GPU","AMD Radeon™ HD","AMD Radeon™ HD 8000M Series",Component,,,,,10,,"Up to 725 MHz",,,,,,,,,,,,,,,,,,,2GB,GDDR5,,,,,,,,,,,,,,,,,"Catalyst Software, OpenGL 4.4, DirectX® 11"
,on,"AMD Radeon™ HD 8850M Series GPU","AMD Radeon™ HD","AMD Radeon™ HD 8000M Series",Component,,,,,10,,"Up to 725 MHz",,,,,,,,,,,,,,,,,,,2GB,GDDR5,,,,,,,,,,,,,,,,,"Catalyst Software, OpenGL 4.4, DirectX® 11"
,on,"AMD Radeon™ HD 8830M Series GPU","AMD Radeon™ HD","AMD Radeon™ HD 8000M Series",Component,,,,,10,,"Up to 575 MHz",,,,,,,,,,,,,,,,,,,2GB,DDR3,,,,,,,,,,,,,,,,,"Catalyst Software, OpenGL 4.4, DirectX® 11"
,on,"AMD Radeon™ HD 8790M Series GPU","AMD Radeon™ HD","AMD Radeon™ HD 8000M Series",Component,,,,,6,,"Up to 850 MHz",,,,,,,,,,,,,,,,,,,2GB,GDDR5,,,,,,,,,,,,,,,,,"Catalyst Software, OpenGL 4.4, DirectX® 11"
,on,"AMD Radeon™ HD 8770M Series GPU","AMD Radeon™ HD","AMD Radeon™ HD 8000M Series",Component,,,,,6,,"Up to 775 MHz",,,,,,,,,,,,,,,,,,,2GB,GDDR5,,,,,,,,,,,,,,,,,"Catalyst Software, OpenGL 4.4, DirectX® 11"
,on,"AMD Radeon™ HD 8750M Series GPU","AMD Radeon™ HD","AMD Radeon™ HD 8000M Series",Component,,,,,6,,"Up to 775 MHz",,,,,,,,,,,,,,,,,,,2GB,GDDR5,,,,,,,,,,,,,,,,,"Catalyst Software, OpenGL 4.4, DirectX® 11"
,on,"AMD Radeon™ HD 8730M Series GPU","AMD Radeon™ HD","AMD Radeon™ HD 8000M Series",Component,,,,,6,,"Up to 650 MHz",,,,,,,,,,,,,,,,,,,2GB,DDR3,,,,,,,,,,,,,,,,,"Catalyst Software, OpenGL 4.4, DirectX® 11"
,on,"AMD Radeon™ HD 8690M Series GPU","AMD Radeon™ HD","AMD Radeon™ HD 8000M Series",Component,,,,,6,,"Up to 775 MHz",,,,,,,,,,,,,,,,,,,2GB,GDDR5,,,,,,,,,,,,,,,,,"Catalyst Software, OpenGL 4.4, DirectX® 11"
,on,"AMD Radeon™ HD 8670M Series GPU","AMD Radeon™ HD","AMD Radeon™ HD 8000M Series",Component,,,,,6,,"Up to 775 MHz",,,,,,,,,,,,,,,,,,,2GB,DDR3,,,,,,,,,,,,,,,,,"Catalyst Software, OpenGL 4.4, DirectX® 11"
,on,"AMD Radeon™ HD 8590M Series GPU","AMD Radeon™ HD","AMD Radeon™ HD 8000M Series",Component,,,,,5,,"Up to 750 MHz",,,,,,,,,,,,,,,,,,,2GB,GDDR5,64-bit,"Up to 36 GB/s",,,,,,,,,,,,,,,"Catalyst Software"
,on,"AMD Radeon™ HD 8570M Series GPU","AMD Radeon™ HD","AMD Radeon™ HD 8000M Series",Component,,,,,5,,"Up to 650 MHz",,,,,,,,,,,,,,,,,,,2GB,GDDR5,,,,,,,,,,,,,,,,,"Catalyst Software, OpenGL 4.4, DirectX® 11"
,on,"AMD Radeon™ HD 7990","AMD Radeon™ HD","AMD Radeon™ HD 7000 Series",Component,,,,,,,,,,,,,,,,,,,,,,,,,,,,,,,,,,,,No,No,,,,No,,,"Catalyst Software, DirectX® 11.2"
,on,"AMD Radeon™ HD 7970 GHz Edition","AMD Radeon™ HD","AMD Radeon™ HD 7000 Series",Component,,,,,,,"Up to 1050 MHz",,,,,,,,,,,2048,,,,"250 W",,,,3GB,,,"Up to 288 GB/s",,,,,,,No,Yes,Yes,,,No,,,"Catalyst Software, AMD Eyefinity Technology (Gaming), DirectX® 11"
,on,"AMD Radeon™ HD 7970","AMD Radeon™ HD","AMD Radeon™ HD 7000 Series",Component,,,,,,,"Up to 925 MHz",,,,,,,,,,,2048,,,,"300 W",,,,3GB,,,"Up to 264 GB/s",,,,,,,No,Yes,Yes,,,No,,,"Catalyst Software, AMD Eyefinity Technology (Gaming), DirectX® 11"
,on,"AMD Radeon™ HD 7950","AMD Radeon™ HD","AMD Radeon™ HD 7000 Series",Component,,,,,28,,"Up to 1250 MHz",,,,,,,,,,,1792,,,,"300 W",,,,3GB,GDDR5,,"Up to 240 GB/s",,,,,,,No,Yes,Yes,,,No,6,,"AMD App Acceleration, Catalyst Software, AMD PowerTune Technology, AMD ZeroCore Power Technology, AMD Eyefinity Technology (Gaming), DirectX® 11"
,on,"AMD Radeon™ HD 7870 GHz Edition","AMD Radeon™ HD","AMD Radeon™ HD 7000 Series",Component,,,,,,,"Up to 1000 MHz",,,,,,,,,,,1024,,,,"225 W",,,,2GB,,,"Up to 153.6 GB/s",,,,,,,No,Yes,Yes,,,No,,,"Catalyst Software, AMD Eyefinity Technology (Gaming), DirectX® 11"
,on,"AMD Radeon™ HD 7850","AMD Radeon™ HD","AMD Radeon™ HD 7000 Series",Component,,,,,,,"Up to 1000 MHz",,,,,,,,,,,1200,,,,"225 W",,,,2GB,,,"Up to 153.6 GB/s",,,,,,,No,Yes,Yes,,,No,,,"Catalyst Software, AMD Eyefinity Technology (Gaming), DirectX® 11"
,on,"AMD Radeon™ HD 7790","AMD Radeon™ HD","AMD Radeon™ HD 7000 Series",Component,,,,,,,,,,,,,,,,,,,,,,,,,,,,,,,,,,,,No,No,,,,No,,,"Catalyst Software"
,on,"AMD Radeon™ HD 7770 GHz Edition","AMD Radeon™ HD","AMD Radeon™ HD 7000 Series",Component,,,,,,,"Up to 1000 MHz",,,,,,,,,,,640,,,,"125 W",,,,1GB,,,"Up to 72 GB/s",,,,,,,No,Yes,Yes,,,No,,,"Catalyst Software, AMD Eyefinity Technology (Gaming), DirectX® 11"
,on,"AMD Radeon™ HD 7750","AMD Radeon™ HD","AMD Radeon™ HD 7000 Series",Component,,,,,,,"Up to 800 MHz",,,,,,,,,,,512,,,,"75 W",,,,1GB,,,"Up to 72 GB/s",,,,,,,Yes,Yes,Yes,,,No,,,"Catalyst Software, AMD Eyefinity Technology (Gaming), DirectX® 11"
,on,"AMD Radeon™ HD 7730","AMD Radeon™ HD","AMD Radeon™ HD 7000 Series",Component,,,,,,,,,,,,,,,,,,,,,,,,,,,,,,,,,,,,No,No,,,,No,,,"Catalyst Software"
,on,"AMD Radeon™ HD 6970","AMD Radeon™ HD","AMD Radeon™ HD 6000 Series",Component,,,,,,,"Up to 880 MHz",,,,,,,,,,,,,,,"550 W",,,,2GB,,,,,,,,,,No,Yes,Yes,,,No,,,"Catalyst Software, AMD Eyefinity Technology (Gaming), DirectX® 11"
,on,"AMD Radeon™ HD 6950","AMD Radeon™ HD","AMD Radeon™ HD 6000 Series",Component,,,,,,,"Up to 800 MHz",,,,,,,,,,,,,,,"500 W",,,,2GB,,,,,,,,,,No,Yes,Yes,,,No,,,"Catalyst Software, AMD Eyefinity Technology (Gaming), DirectX® 11"
,on,"AMD Radeon™ HD 6870","AMD Radeon™ HD","AMD Radeon™ HD 6000 Series",Component,,,,,,,"Up to 900 MHz",,,,,,,,,,,,,,,,,,,1GB,,,,,,,,,,No,Yes,Yes,,,No,,,"Catalyst Software, AMD Eyefinity Technology (Gaming), DirectX® 11"
,on,"AMD Radeon™ HD 6850","AMD Radeon™ HD","AMD Radeon™ HD 6000 Series",Component,,,,,,,,,,,,,,,,,,,,,,,,,,1GB,,,,,,,,,,No,No,,,,No,,,"Catalyst Software, AMD Eyefinity Technology (Gaming), DirectX® 11"
,on,"AMD Radeon™ HD 6770","AMD Radeon™ HD","AMD Radeon™ HD 6000 Series",Component,,,,,,,"Up to 900 MHz",,,,,,,,,,,,,,,,,,,1GB,,,,,,,,,,No,Yes,Yes,,,No,,,"Catalyst Software, AMD Eyefinity Technology (Gaming), DirectX® 11"
,on,"AMD Radeon™ HD 6750","AMD Radeon™ HD","AMD Radeon™ HD 6000 Series",Component,,,,,,,"Up to 900 MHz",,,,,,,,,,,,,,,,,,,1GB,,,,,,,,,,No,Yes,Yes,,,No,,,"Catalyst Software, AMD Eyefinity Technology (Gaming), DirectX® 11"
,on,"AMD Radeon™ HD 6670","AMD Radeon™ HD","AMD Radeon™ HD 6000 Series",Component,,,,,,,"Up to 800 MHz",,,,,,,,,,,,,,,,,,,1GB,,,"Up to 64 GB/s",,,,,,,No,Yes,Yes,,,No,,,"Catalyst Software, AMD Eyefinity Technology (Gaming), DirectX® 11"
,on,"AMD Radeon™ HD 6570","AMD Radeon™ HD","AMD Radeon™ HD 6000 Series",Component,,,,,,,"Up to 650 MHz",,,,,,,,,,,480,,,,"40 W",,,,1GB,GDDR5,,"Up to 28.8 GB/s",,,,,,,Yes,Yes,Yes,,,No,,,"Catalyst Software, Unified Video Decoder (UVD), AMD Eyefinity Technology (Gaming), DirectX® 11"
,on,"AMD Radeon™ HD 6450","AMD Radeon™ HD","AMD Radeon™ HD 6000 Series",Component,,,,,,,"Up to 750 MHz",,,,,,,,,,,160,,,,"30 W",,,,1GB,,,"8.5-12.8 GB/x (DDR3) or 25.6-28.8 GB/s (GDDR5)",,,,,,,Yes,Yes,Yes,,,Yes,4,,"Catalyst Software, AMD Eyefinity Technology (Gaming), DirectX® 11"
,on,"ATI Radeon™ HD 5970","AMD Radeon™ HD","ATI Radeon™ HD 5000 Series",Component,,,,,,,"Up to 725 MHz",,,,,,,,,,,,,,,"300 W",,,,2GB,,,,,,,,,,No,Yes,,,,No,,,"Catalyst Software, AMD Eyefinity Technology (Gaming), DirectX® 11"
,on,"ATI Radeon™ HD 5870","AMD Radeon™ HD","ATI Radeon™ HD 5000 Series",Component,,,,,,,"Up to 850 MHz",,,,,,,,,,,,,,,,,,,1GB,,,,,,,,,,Yes,Yes,Yes,,,No,,,"Catalyst Software, AMD Eyefinity Technology (Gaming), DirectX® 11"
,on,"ATI Radeon™ HD 5850","AMD Radeon™ HD","ATI Radeon™ HD 5000 Series",Component,,,,,,,"Up to 725 MHz",,,,,,,,,,,,,,,,,,,1GB,,,,,,,,,,Yes,Yes,Yes,,,No,,,"Catalyst Software, AMD Eyefinity Technology (Gaming), DirectX® 11"
,on,"ATI Radeon™ HD 5830","AMD Radeon™ HD","ATI Radeon™ HD 5000 Series",Component,,,,,,,"Up to 800 MHz",,,,,,,,,,,,,,,,,,,1GB,,,,,,,,,,Yes,Yes,Yes,,,No,,,"Catalyst Software, AMD Eyefinity Technology (Gaming), DirectX® 11"
,on,"ATI Radeon™ HD 5770","AMD Radeon™ HD","ATI Radeon™ HD 5000 Series",Component,,,,,,,"Up to 850 MHz",,,,,,,,,,,,,,,,,,,1GB,,,,,,,,,,Yes,Yes,Yes,,,No,,,"Catalyst Software, AMD Eyefinity Technology (Gaming), DirectX® 11"
,on,"ATI Radeon™ HD 5750","AMD Radeon™ HD","ATI Radeon™ HD 5000 Series",Component,,,,,,,"Up to 700 MHz",,,,,,,,,,,,,,,,,,,1GB,,,,,,,,,,Yes,Yes,Yes,,,No,,,"Catalyst Software, AMD Eyefinity Technology (Gaming), DirectX® 11"
,on,"ATI Radeon™ HD 5670","AMD Radeon™ HD","ATI Radeon™ HD 5000 Series",Component,,,,,,,"Up to 775 MHz",,,,,,,,,,,400,,,,,,,,1GB,GDDR5,,"Up to 64 GB/s",,,,,,,Yes,Yes,Yes,,,Yes,,,"Catalyst Software, AMD Radeon™ Dual Graphics, Unified Video Decoder (UVD), AMD Eyefinity Technology (Gaming), DirectX® 11"
,on,"ATI Radeon™ HD 5570","AMD Radeon™ HD","ATI Radeon™ HD 5000 Series",Component,,,,,,,"Up to 650 MHz",,,,,,,,,,,,,,,,,,,1GB,,,,,,,,,,Yes,Yes,,,,Yes,,,"Catalyst Software, AMD Eyefinity Technology (Gaming), DirectX® 11"
,on,"ATI Radeon™ HD 5450","AMD Radeon™ HD","ATI Radeon™ HD 5000 Series",Component,,,,,,,"Up to 650 MHz",,,,,,,,,,,,,,,,,,,1GB,,,,,,,,,,Yes,Yes,Yes,,,Yes,,,"Catalyst Software, AMD Eyefinity Technology (Gaming), DirectX® 11"
